BEGIN TRANSACTION;
CREATE TABLE IF NOT EXISTS "Subject" (
	"SubjectID"	TEXT,
	"SubjectName"	TEXT,
	"Units"	INTEGER,
	PRIMARY KEY("SubjectID")
);
CREATE TABLE IF NOT EXISTS "Class" (
	"ClassID"	TEXT,
	"ClassName"	TEXT,
	"ClassYear"	TEXT,
	PRIMARY KEY("ClassID")
);
CREATE TABLE IF NOT EXISTS "Student" (
	"StudentID"	TEXT,
	"StudentName"	TEXT,
	"StudentAddress"	TEXT,
	"ClassID"	TEXT,
	FOREIGN KEY("ClassID") REFERENCES "Class"("ClassID"),
	PRIMARY KEY("StudentID")
);
CREATE TABLE IF NOT EXISTS "StudentGrades" (
	"StudentID"	TEXT,
	"SubjectID"	TEXT,
	"Grades"	REAL,
	PRIMARY KEY("StudentID","SubjectID"),
	FOREIGN KEY("StudentID") REFERENCES "Student"("StudentID"),
	FOREIGN KEY("SubjectID") REFERENCES "Subject"("SubjectID")
);
INSERT INTO "Subject" ("SubjectID","SubjectName","Units") VALUES ('S01','Thiết kế cơ sở dữ liệu',2),
 ('S02','Lập trình hướng đối tượng',3),
 ('S03','Cấu trúc dữ liệu và giải thuật',3),
 ('S04','Lý thuyết đồ thị',2),
 ('S05','Mạng máy tính',3),
 ('S06','Toán rời rạc',3),
 ('S07','Kỹ thuật lập trình',3),
 ('S08','Quản trị dự án phần mềm',2),
 ('S09','Kiến trúc máy tính',2),
 ('S10','Giải tích',3),
 ('S11','Triết học Mác-Lênin',2),
 ('S13','Kinh tế chính trị Mác-Lênin',2),
 ('S12','Đại số',3);
INSERT INTO "Class" ("ClassID","ClassName","ClassYear") VALUES ('C01','Computer Science','2020-2024'),
 ('C02','Software Engineering','2020-2024'),
 ('C03','Computer Science','2019-2023'),
 ('C06','Information Technology','2020-2024'),
 ('C04','Management Information Systems','2020-2024'),
 ('C05','Software Engineering','2019-2023'),
 ('C07','Network Technology','2018-2022'),
 ('C08','Software Engineering','2019-2023'),
 ('C09','Management Information Systems','2018-2022');
INSERT INTO "Student" ("StudentID","StudentName","StudentAddress","ClassID") VALUES ('T001','Thái Trường Trọng','25 Nguyễn Đình Chiều','C08'),
 ('T002','Nguyễn Hoàng Vũ','133 Nguyễn Thị Minh Khai','C06'),
 ('T003','Nguyễn Huy Cường','69 Mai Thị Lựu','C09'),
 ('T004','Trịnh Ngọc Dần','5 Nguyễn Bỉnh Khiêm','C03'),
 ('T005','Phan Anh Dũng','445 Điện Biên Phủ','C05'),
 ('T006','Huỳnh Thiện Anh Duy','256 Xô Viết Nghệ Tĩnh','C06'),
 ('T007','Đỗ Thành Đạt','350 Bạch Đằng','C05'),
 ('T008','Lê Hải Đăng','1001 Phạm Thế Hiển','C05'),
 ('T009','Đoàn Minh Đức','985 Huỳnh Phúc Tấn','C08'),
 ('T010','Hoàng Đức Hải','150 Võ Văn Tần','C09'),
 ('T011','Trần Vũ Hào','555 Cách Mạng Tháng 8','C09'),
 ('T012','Đào Công Hậu','123 Võ Thị Sáu','C02'),
 ('T013','Nguyễn Nhật Hiếu','23 Pasteur','C05'),
 ('T014','Nguyễn Huy Hoàng','2 Phan Văn Trị','C06'),
 ('T015','Huỳnh Thái Học','66 Võ Văn Ngân','C09'),
 ('T016','Lý Nhật Hùng','50 Lê Văn Việt','C07'),
 ('T017','Nguyễn Huỳnh','169 Đinh Tiên Hoàng','C05'),
 ('T018','Lê Triệu Kiến','50 Nguyễn Hữu Cảnh','C05'),
 ('T019','Lê Hồng Khải','15 Mai Chí Thọ','C01'),
 ('T020','Trần Văn Thành Khiết','110 Nguyễn Văn Linh','C08'),
 ('T021','Lê Văn Khoa','464 Lê Văn Long','C07'),
 ('T022','Nguyễn Kim Long','133 Trần Xuân Soạn','C05'),
 ('T023','Trần Thanh Long','67 Đình Phong Phú','C05'),
 ('T024','Nguyễn Bá Minh','412 Hoàng Diệu','C07'),
 ('T025','Phạm Công Minh','121 Lê Văn Việt','C03'),
 ('T026','Phan Minh','63 CMT8','C02'),
 ('T027','Doãn Duy Nghĩa','136 Bùi Thị Xuân','C06'),
 ('T028','Phan Trung Nguyên','98 Bùi Viện','C08'),
 ('T029','Nguyễn Thanh Nhựt','34 Cao Bá Nhạ','C06'),
 ('T030','Huỳnh Hoàng Ngọc Phương','65 Cao Bá Quát','C06'),
 ('T031','Trần Công Quyền','92 Cô Bắc','C09'),
 ('T032','Huỳnh Tấn Sáng','88 Cô Giang','C04'),
 ('T033','Hồ Minh Tài','57 Cống Quỳnh','C06'),
 ('T034','Võ Nhật Tiến','41 Chu Mạnh Trinh','C02'),
 ('T035','Hà Quang Tố','85 Đặng Dung','C09'),
 ('T036','Nguyễn Đình Tuấn','65 Đặng Tất','C08'),
 ('T037','Trần Anh Tuấn','73 Đặng Thị Nhu','C04'),
 ('T038','Phạm Lê Thuận','22 Đặng Trần Côn','C03'),
 ('T039','Nguyễn Văn Cao Trí','13 Đề Thám','C06'),
 ('T040','Võ Minh Trí','66 Đinh Công Tráng','C08'),
 ('T041','Huỳnh Hữu Vinh','13 Đông Du','C07'),
 ('T042','Trần Tiến Vũ','68 Đồng Khởi','C03'),
 ('T043','Đỗ Minh Vương','211 Hai Bà Trưng','C08'),
 ('T044','Dương Quang Đến','67 Hải Triều','C06'),
 ('T045','Nguyễn Phi Hổ','81 Hàm Nghi','C07'),
 ('T046','Nguyễn Văn Hưng','636 Hàn Thuyên','C08'),
 ('T047','Trương Thanh Ngọc','535 Hòa Mỹ','C09'),
 ('T048','Đỗ Thiên Toàn','332 Hồ Hảo Hớn','C09'),
 ('T049','Nguyễn Linh Vũ','532 Hồ Huấn Nghiệp','C09'),
 ('T050','Nguyễn Trí Bình','442 Hoàng Sa','C02'),
 ('T051','Nguyễn Trần Long Long','732 Huyền Quang','C01'),
 ('T052','Nguyễn Hoàng Minh','573 Huyền Trân Công Chúa','C09'),
 ('T053','Nguyễn Thanh Tùng','31 Huỳnh Khương Ninh','C06'),
 ('T054','Nguyễn Đức Tuyển','63 Huỳnh Thúc Kháng','C03'),
 ('T055','Nguyễn Quyết Thắng','15 Ký Con','C02'),
 ('T056','Nguyễn Công Thiệp','51 Lê Anh Xuân','C08'),
 ('T057','Lục Văn Thiệu','83 Lê Duẩn','C01'),
 ('T058','Lê Đức Thịnh','67 Lê Lai','C05'),
 ('T059','Mai Trịnh Ngô Thịnh','55 Lê Lợi','C05'),
 ('T060','Nguyễn Minh Thuận','213 Lê Thánh Tôn','C04'),
 ('T061','Nguyễn Tài Trí','55 Lê Thị Hồng Gấm','C09'),
 ('T062','Đặng Văn Giỏi','63 Lê Thị Riêng','C03'),
 ('T063','Phạm Trịnh Hoàng Hùng','92 Lê Văn Hưu','C06'),
 ('T064','Lê Bá Huy','33 Lương Hữu Khánh','C08'),
 ('T065','Nguyễn Tiến Hưng','11 Lưu Văn Lang','C09'),
 ('T066','Nguyễn Trung Khoa','75 Lý Tự Trọng','C02'),
 ('T067','Nguyễn Bá Đắc Lộc','71 Lý Văn Phức','C01'),
 ('T068','Huỳnh Tấn Phát','64 Mã Lộ','C03'),
 ('T069','Nguyễn Văn Phong','7A Mạc Đĩnh Chi','C03'),
 ('T070','Võ Hoàng Sơn','223 Mạc Thị Bưởi','C02'),
 ('T071','Huỳnh Lưu Phúc Tài','62 Mai Thị Lựu','C01'),
 ('T072','Lê Đình Thông','68 Nam Kỳ Khởi Nghĩa','C06'),
 ('T073','Nguyễn Sơn Vĩ','45 Nam Quốc Cang','C09'),
 ('T074','Nguyễn Quang Vinh','47 Ngô Đức Kế','C05'),
 ('T075','Bùi Ngọc Dũng','82 Ngô Văn Năm','C06'),
 ('T076','Lê Khánh Duy','99 Nguyễn Bỉnh Khiêm','C01'),
 ('T077','Nguyễn Huỳnh Đoàn','21 Nguyễn Cảnh Chân','C04'),
 ('T078','Dương Đăng Hiên','35 Nguyễn Công Trứ','C08'),
 ('T079','Lê Hữu Huy','62 Nguyễn Cư Trinh','C03'),
 ('T080','Trần Văn Khang','69 Nguyễn Du','C08'),
 ('T081','Bùi Vủ Liệt','315 Nguyễn Đình Chiểu','C03'),
 ('T082','Lê Chí Linh','72 Nguyễn Huệ','C05'),
 ('T083','Nguyễn Đình Linh','53 Nguyễn Hữu Cảnh','C02'),
 ('T084','Cao Hữu Lợi','93 Nguyễn Hữu Cầu','C02'),
 ('T085','Nguyễn Thanh Sơn','31 Nguyễn Huy Tự','C08'),
 ('T086','Phạm Ngọc Tấn','88 Nguyễn Khắc Nhu','C09'),
 ('T087','Trần Thanh Tú','32 Nguyễn Phi Khanh','C05'),
 ('T088','Trần Thanh Tùng','212 Nguyễn Thái Bình','C05'),
 ('T089','Nguyễn Huỳnh Thiên','73 Bà Huyện Thanh Quan','C02'),
 ('T090','Trương Thị Thu Vân','76 Bàn Cờ','C04'),
 ('T091','Đinh Hoàng Việt','67 Cách Mạng Tháng Tám','C06'),
 ('T092','Dương Tấn Vin','133 Cao Thắng','C04'),
 ('T093','Lê Thiên Bảo','767 Điện Biên Phủ','C08'),
 ('T094','Nguyễn Trần Gia Bảo','315 Đoàn Công Bửu','C04'),
 ('T095','Đỗ Quốc Công','98 Hai Bà Trưng','C08'),
 ('T096','Trần Văn Châu','423 Hồ Xuân Hương','C06'),
 ('T097','Nguyễn Quang Chương','335 Huỳnh Tịnh Của','C03'),
 ('T098','Phạm Chí Thanh Danh','98 Kỳ Đồng','C08'),
 ('T099','Huỳnh Quốc Dũng','632 Lê Ngô Cát','C04'),
 ('T100','Phạm Thanh Duy','25 Lê Quý Đôn','C04'),
 ('T101','Cao Tấn Đạt','78 Nguyễn Văn Trỗi','C07'),
 ('T102','Võ Tá Đạt','21 Lý Chính Thắng','C06'),
 ('T103','Nguyễn Tấn Đậu','15 Lý Thái Tổ','C03'),
 ('T104','Đặng Văn Đức','113 Cao Thắng','C07'),
 ('T105','Đặng Văn Hải','323 Cầm Bá Thước','C09'),
 ('T106','Bùi Huy Hiền','156 Cô Bắc','C09'),
 ('T107','Nguyễn Phú Hòa','375 Cô Giang','C09'),
 ('T108','Đoàn Gia Huy','22 Chiến Thắng','C03'),
 ('T109','Nguyễn Quang Huy','78 Duy Tân','C08'),
 ('T110','Nguyễn Huyn','63 Đào Duy Anh','C02'),
 ('T111','Lê Văn Thiện Hướng','79 Đào Duy Từ','C04'),
 ('T112','Nguyễn Hà Văn Khoa','35 Đặng Thai Mai','C05'),
 ('T113','Phạm Ngọc Khôi','455 Đặng Văn Ngữ','C05'),
 ('T114','Nguyễn Văn Lập','362 Đoàn Thị Điểm','C01'),
 ('T115','Trần Công Minh','135 Đỗ Tấn Phong','C03'),
 ('T116','Lê Đại Nghĩa','93 Hải Nam','C03'),
 ('T117','Huỳnh Anh Nhật','62 Hoàng Diệu','C02'),
 ('T118','Bùi Hữu Nhiên','87 Hoàng Minh Giám','C09'),
 ('T119','Dương Hòa Phi','128 Hoàng Văn Thụ','C07'),
 ('T120','Trần Vũ Phục','334 Hồ Biểu Chánh','C04'),
 ('T121','Lê Quang Phương','421 Hồ Văn Huê','C09'),
 ('T122','Lê Trần Thanh Tài','12 Huỳnh Văn Bánh','C08'),
 ('T123','Nguyễn Nhất Tài','53 Lam Sơn','C08'),
 ('T124','Ngô Hữu Tân','34 Lê Quý Đôn','C08'),
 ('T125','Phan Văn Tiến','73 Mai Văn Ngọc','C05'),
 ('T126','Nguyễn Mạnh Tường','57 Nguyễn Đình Chính','C09'),
 ('T127','Nguyễn Tấn Trí','125 Nguyễn Kiệm','C04'),
 ('T128','Trương Công Trí','68 Nguyễn Thị Huỳnh','C06'),
 ('T129','Huỳnh Đặng Triều','37 Nguyễn Trọng Tuyển','C04'),
 ('T130','Trần Quốc Trung','255 Nguyễn Trường Tộ','C09'),
 ('T131','Phạm Nhất Cao Thắng','64 Nguyễn Văn Đậu','C06'),
 ('T132','Nguyễn Thanh Thái','213 Nhiêu Tứ','C04'),
 ('T133','Võ Quang Trưởng','315 Phan Đình Phùng','C02'),
 ('T134','Bùi Đình Vũ','63 Phan Tây Hồ','C01'),
 ('T135','Trịnh Minh Vương','123 Phan Xích Long','C02'),
 ('T136','Nguyễn Đức Anh','83 Phổ Quang','C03'),
 ('T137','Võ Văn Anh','87 Thích Quảng Đức','C04'),
 ('T138','Nguyễn Phạm Dĩ','74 Trần Cao Vân','C07'),
 ('T139','Phạm Khắc Duy','25 Trần Huy Liệu','C05'),
 ('T140','Đỗ Hà Giang','51 Trần Hữu Trang','C08'),
 ('T141','Huỳnh Công Hậu','233 Phan Đăng Lưu','C02'),
 ('T142','Nguyễn Minh Hiểu','71 Võ Oanh','C09'),
 ('T143','Vũ Xuân Hiếu','249 Ngô Quyền','C06'),
 ('T144','Bùi Đức Hoàng','570 Vĩnh Viễn','C06'),
 ('T145','Trần Trung Hoàng','Bình Quới','C04'),
 ('T146','Nguyễn Mạnh Hùng','97/6 Lý Thường Kiệt','C05'),
 ('T147','Lê Anh Kiệt','81 Nguyễn Bỉnh Khiêm','C03'),
 ('T148','Vương Tiến Khải','125 Nguyễn Cửu Vân','C09'),
 ('T149','Dương Quốc Khánh','366 Phan Văn Trị','C05'),
 ('T150','Nguyễn Bỉnh Khiêm','203 Đường 3/2','C04'),
 ('T151','Đặng Hữu Phát','546/18 Bình Quới','C04'),
 ('T152','Kim Tiên Phong','107 Nguyên Hồng','C04'),
 ('T153','Phan Hồng Sang','305 Lý Thái Tổ','C08'),
 ('T154','Lê Đức Sơn','31/45 Ung Văn Khiêm','C01'),
 ('T155','Trần Minh Tiến','860/42 Xô Viết Nghệ Tĩnh','C05'),
 ('T156','Phan Long Tin','50/15 Dương Quảng Hàm','C02'),
 ('T157','Võ Văn Thái','105a Hồ Thị Kỷ','C06'),
 ('T158','Phan Hiểu Thắng','261 Chấn Hưng','C03'),
 ('T159','Phạm Minh Trung','251/81 Hoàng Hoa Thám','C04'),
 ('T160','Đặng Nhật Trường','15 Nơ Trang Long','C09'),
 ('T161','Nguyễn Trọng Trường','417/49 Quang Trung','C01'),
 ('T162','Nguyễn Long Vũ','97 Đường Số 1','C02'),
 ('T163','Nguyễn Tuấn Vũ','284/73 Lý Thường Kiệt','C02'),
 ('T164','Nguyễn Thanh Vương','250 Nguyễn Xí','C03'),
 ('T165','Mai Hoàng An','14 Ngô Tất Tố','C02'),
 ('T166','Đinh Tôn Bảo','210 Hồ Văn Huê','C02'),
 ('T167','Phùng Ngọc Bảo','73 Nguyễn Thượng Hiền','C07'),
 ('T168','Đoàn Minh Cảnh','129 Đào Duy Từ','C07'),
 ('T169','Nguyễn Hữu Đạt','412 Nhật Tảo','C01'),
 ('T170','Nguyễn Tấn Đạt','333 Điện Biên Phủ','C08'),
 ('T171','Trịnh Minh Hào','114 Trần Quốc Tuấn','C02'),
 ('T172','Nguyễn Viết Anh Kiệt','273 Tô Hiến Thành','C04'),
 ('T173','Phạm Minh Kỳ','43 Tăng Bạt Hổ','C01'),
 ('T174','Lâm Tấn Phát','226 Nguyễn Thái Sơn','C05'),
 ('T175','Trần Văn Khiêu','512 Phạm Văn Đồng','C05'),
 ('T176','Văn Tiến Mẫm','129 Quang Trung','C05'),
 ('T177','Phạm Công Nhựt','19 Trần Ðình Xu','C04'),
 ('T178','Phạm Hồng Phúc','594/2 Sư Vạn Hạnh','C01'),
 ('T179','Lê Hữu Tài','40 Đặng Minh Khiêm','C02'),
 ('T180','Nguyễn Đặng Nhựt Tân','244 Nguyễn Văn Nghi','C04');
INSERT INTO "StudentGrades" ("StudentID","SubjectID","Grades") VALUES ('T001','S08',6.0),
 ('T002','S04',6.0),
 ('T003','S05',8.0),
 ('T004','S03',5.0),
 ('T005','S10',5.0),
 ('T006','S07',8.0),
 ('T007','S13',3.0),
 ('T008','S03',4.0),
 ('T009','S09',3.0),
 ('T010','S09',10.0),
 ('T011','S02',3.0),
 ('T012','S11',7.0),
 ('T013','S01',6.0),
 ('T014','S12',5.0),
 ('T015','S01',8.0),
 ('T016','S11',10.0),
 ('T017','S10',9.0),
 ('T018','S13',9.0),
 ('T019','S11',9.0),
 ('T020','S08',5.0),
 ('T021','S10',4.0),
 ('T022','S02',6.0),
 ('T023','S02',9.0),
 ('T024','S12',5.0),
 ('T025','S12',5.0),
 ('T026','S03',7.0),
 ('T027','S04',9.0),
 ('T028','S05',9.0),
 ('T029','S08',10.0),
 ('T030','S09',7.0),
 ('T031','S06',10.0),
 ('T032','S09',5.0),
 ('T033','S03',4.0),
 ('T034','S03',3.0),
 ('T035','S07',6.0),
 ('T036','S04',5.0),
 ('T037','S09',4.0),
 ('T038','S10',6.0),
 ('T039','S09',3.0),
 ('T040','S13',8.0),
 ('T041','S12',4.0),
 ('T042','S09',8.0),
 ('T043','S07',5.0),
 ('T044','S04',9.0),
 ('T045','S03',5.0),
 ('T046','S03',8.0),
 ('T047','S03',7.0),
 ('T048','S03',7.0),
 ('T049','S04',3.0),
 ('T050','S10',3.0),
 ('T051','S02',9.0),
 ('T052','S06',5.0),
 ('T053','S10',5.0),
 ('T054','S07',7.0),
 ('T055','S12',4.0),
 ('T056','S12',9.0),
 ('T057','S02',8.0),
 ('T058','S02',9.0),
 ('T059','S11',3.0),
 ('T060','S04',9.0),
 ('T061','S01',6.0),
 ('T062','S13',9.0),
 ('T063','S07',4.0),
 ('T064','S13',10.0),
 ('T065','S02',7.0),
 ('T066','S01',3.0),
 ('T067','S04',4.0),
 ('T068','S10',9.0),
 ('T069','S05',7.0),
 ('T070','S12',10.0),
 ('T071','S13',3.0),
 ('T072','S03',7.0),
 ('T073','S03',10.0),
 ('T074','S12',5.0),
 ('T075','S01',8.0),
 ('T076','S09',9.0),
 ('T077','S10',7.0),
 ('T078','S12',10.0),
 ('T079','S09',4.0),
 ('T080','S12',6.0),
 ('T081','S03',5.0),
 ('T082','S05',8.0),
 ('T083','S06',10.0),
 ('T084','S11',9.0),
 ('T085','S05',10.0),
 ('T086','S05',4.0),
 ('T087','S01',6.0),
 ('T088','S13',9.0),
 ('T089','S07',8.0),
 ('T090','S07',6.0),
 ('T091','S08',7.0),
 ('T092','S12',3.0),
 ('T093','S09',8.0),
 ('T094','S13',3.0),
 ('T095','S05',6.0),
 ('T096','S08',3.0),
 ('T097','S02',7.0),
 ('T098','S02',6.0),
 ('T099','S06',4.0),
 ('T100','S06',5.0),
 ('T101','S05',9.0),
 ('T102','S05',4.0),
 ('T103','S07',10.0),
 ('T104','S08',9.0),
 ('T105','S03',4.0),
 ('T106','S05',4.0),
 ('T107','S07',5.0),
 ('T108','S08',3.0),
 ('T109','S05',9.0),
 ('T110','S07',8.0),
 ('T111','S04',8.0),
 ('T112','S02',7.0),
 ('T113','S05',7.0),
 ('T114','S10',5.0),
 ('T115','S10',7.0),
 ('T116','S07',10.0),
 ('T117','S07',8.0),
 ('T118','S13',5.0),
 ('T119','S11',5.0),
 ('T120','S04',7.0),
 ('T121','S11',9.0),
 ('T122','S07',3.0),
 ('T123','S05',6.0),
 ('T124','S11',10.0),
 ('T125','S10',3.0),
 ('T126','S04',4.0),
 ('T127','S02',7.0),
 ('T128','S06',5.0),
 ('T129','S05',6.0),
 ('T130','S05',4.0),
 ('T131','S04',8.0),
 ('T132','S03',5.0),
 ('T133','S08',4.0),
 ('T134','S11',5.0),
 ('T135','S06',10.0),
 ('T136','S02',3.0),
 ('T137','S03',8.0),
 ('T138','S10',4.0),
 ('T139','S02',4.0),
 ('T140','S12',8.0),
 ('T141','S04',10.0),
 ('T142','S01',9.0),
 ('T143','S12',4.0),
 ('T144','S03',8.0),
 ('T145','S01',6.0),
 ('T146','S10',5.0),
 ('T147','S05',8.0),
 ('T148','S06',9.0),
 ('T149','S10',4.0),
 ('T150','S06',4.0),
 ('T151','S13',8.0),
 ('T152','S03',8.0),
 ('T153','S08',5.0),
 ('T154','S10',8.0),
 ('T155','S05',8.0),
 ('T156','S10',4.0),
 ('T157','S11',8.0),
 ('T158','S02',10.0),
 ('T159','S04',5.0),
 ('T160','S11',3.0),
 ('T161','S02',5.0),
 ('T162','S06',3.0),
 ('T163','S04',5.0),
 ('T164','S05',6.0),
 ('T165','S06',4.0),
 ('T166','S07',10.0),
 ('T167','S01',4.0),
 ('T168','S12',9.0),
 ('T169','S03',5.0),
 ('T170','S02',9.0),
 ('T171','S09',10.0),
 ('T172','S12',10.0),
 ('T173','S05',3.0),
 ('T174','S05',5.0),
 ('T175','S03',7.0),
 ('T176','S12',8.0),
 ('T177','S08',6.0),
 ('T178','S12',4.0),
 ('T179','S05',8.0),
 ('T180','S11',5.0),
 ('T001','S04',2.0),
 ('T002','S03',5.0),
 ('T003','S07',10.0),
 ('T004','S10',6.0),
 ('T005','S08',7.0),
 ('T006','S06',10.0),
 ('T007','S10',8.0),
 ('T008','S04',5.0),
 ('T009','S03',10.0),
 ('T010','S06',3.0),
 ('T011','S05',8.0),
 ('T012','S09',5.0),
 ('T013','S03',6.0),
 ('T014','S05',8.0),
 ('T015','S10',8.0),
 ('T016','S13',9.0),
 ('T017','S01',5.0),
 ('T018','S07',4.0),
 ('T019','S01',7.0),
 ('T020','S11',6.0),
 ('T021','S02',4.0),
 ('T022','S08',7.0),
 ('T023','S10',6.0),
 ('T024','S05',8.0),
 ('T025','S13',8.0),
 ('T026','S11',4.0),
 ('T027','S05',3.0),
 ('T028','S08',3.0),
 ('T029','S13',8.0),
 ('T030','S03',4.0),
 ('T031','S09',3.0),
 ('T032','S11',3.0),
 ('T033','S02',5.0),
 ('T034','S12',6.0),
 ('T035','S02',3.0),
 ('T036','S06',7.0),
 ('T037','S01',3.0),
 ('T038','S03',5.0),
 ('T039','S05',8.0),
 ('T040','S01',4.0),
 ('T041','S09',8.0),
 ('T042','S05',4.0),
 ('T043','S06',9.0),
 ('T044','S05',7.0),
 ('T045','S08',9.0),
 ('T046','S12',5.0),
 ('T047','S11',9.0),
 ('T048','S01',10.0),
 ('T049','S13',6.0),
 ('T050','S12',3.0),
 ('T051','S05',10.0),
 ('T052','S12',4.0),
 ('T053','S08',9.0),
 ('T054','S06',7.0),
 ('T055','S10',6.0),
 ('T056','S06',5.0),
 ('T057','S04',9.0),
 ('T058','S03',3.0),
 ('T059','S10',7.0),
 ('T060','S10',8.0),
 ('T061','S06',8.0),
 ('T062','S09',6.0),
 ('T063','S01',5.0),
 ('T064','S11',4.0),
 ('T065','S10',3.0),
 ('T066','S13',10.0),
 ('T067','S02',5.0),
 ('T068','S06',9.0),
 ('T069','S03',4.0),
 ('T070','S08',5.0),
 ('T071','S05',6.0),
 ('T072','S10',4.0),
 ('T073','S05',4.0),
 ('T074','S08',4.0),
 ('T075','S13',10.0),
 ('T076','S10',9.0),
 ('T077','S11',9.0),
 ('T078','S06',5.0),
 ('T079','S01',3.0),
 ('T080','S09',4.0),
 ('T081','S02',4.0),
 ('T082','S09',6.0),
 ('T083','S10',6.0),
 ('T084','S10',5.0),
 ('T085','S07',7.0),
 ('T086','S03',7.0),
 ('T087','S04',10.0),
 ('T088','S11',10.0),
 ('T089','S10',9.0),
 ('T090','S12',5.0),
 ('T091','S07',8.0),
 ('T092','S07',3.0),
 ('T093','S08',9.0),
 ('T094','S10',7.0),
 ('T095','S03',5.0),
 ('T096','S05',3.0),
 ('T097','S03',5.0),
 ('T098','S03',3.0),
 ('T099','S04',10.0),
 ('T100','S01',3.0),
 ('T101','S04',6.0),
 ('T102','S06',5.0),
 ('T103','S05',3.0),
 ('T104','S06',6.0),
 ('T105','S12',8.0),
 ('T106','S04',10.0),
 ('T107','S02',9.0),
 ('T108','S01',3.0),
 ('T109','S11',10.0),
 ('T110','S12',7.0),
 ('T111','S02',10.0),
 ('T112','S13',9.0),
 ('T113','S12',4.0),
 ('T114','S07',10.0),
 ('T115','S06',10.0),
 ('T116','S04',6.0),
 ('T117','S04',8.0),
 ('T118','S05',7.0),
 ('T119','S04',6.0),
 ('T120','S06',8.0),
 ('T121','S04',7.0),
 ('T122','S05',6.0),
 ('T123','S12',3.0),
 ('T124','S10',4.0),
 ('T125','S05',8.0),
 ('T126','S12',5.0),
 ('T127','S09',3.0),
 ('T128','S09',9.0),
 ('T129','S13',7.0),
 ('T130','S04',7.0),
 ('T131','S09',10.0),
 ('T132','S13',9.0),
 ('T133','S01',5.0),
 ('T134','S10',3.0),
 ('T135','S12',4.0),
 ('T136','S13',10.0),
 ('T137','S06',8.0),
 ('T138','S05',6.0),
 ('T139','S07',9.0),
 ('T140','S04',3.0),
 ('T141','S09',10.0),
 ('T142','S12',10.0),
 ('T143','S07',6.0),
 ('T144','S01',6.0),
 ('T145','S10',10.0),
 ('T146','S13',10.0),
 ('T147','S09',7.0),
 ('T148','S02',7.0),
 ('T149','S03',8.0),
 ('T150','S08',6.0),
 ('T151','S08',3.0),
 ('T152','S12',9.0),
 ('T153','S09',8.0),
 ('T154','S04',10.0),
 ('T155','S10',7.0),
 ('T156','S12',6.0),
 ('T157','S09',5.0),
 ('T158','S04',10.0),
 ('T159','S06',9.0),
 ('T160','S12',3.0),
 ('T161','S12',10.0),
 ('T162','S08',5.0),
 ('T163','S12',7.0),
 ('T164','S13',8.0),
 ('T165','S04',8.0),
 ('T166','S11',10.0),
 ('T167','S12',4.0),
 ('T168','S02',6.0),
 ('T169','S12',9.0),
 ('T170','S05',6.0),
 ('T171','S02',3.0),
 ('T172','S05',4.0),
 ('T173','S11',9.0),
 ('T174','S02',4.0),
 ('T175','S10',8.0),
 ('T176','S13',7.0),
 ('T177','S01',9.0),
 ('T178','S07',9.0),
 ('T179','S02',3.0),
 ('T180','S13',10.0);
COMMIT;
